Workbook

Sheet Fig3c
A1: =Fig3c_I_SHG_2L!A1 -> Temperature (K) | B1: =Fig3c_I_SHG_2L!B1 -> Delta_I_SHG 2L | C1: =Fig3c_I_SHG_2L!C1 -> I_SHG 2L | D1: =Fig3c_I_SHG_2L!D1 -> Margin of Error (95% CI) | F1: =Fig3c_I_SHG_3L!A1 -> Temperature (K) | G1: =Fig3c_I_SHG_3L!B1 -> Delta_I_SHG 3L | H1: =Fig3c_I_SHG_3L!C1 -> I_SHG 3L | I1: =Fig3c_I_SHG_3L!D1 -> Margin of Error (95% CI) | K1: =Fig3c_I_SHG_4L!A1 -> Temperature (K) | L1: =Fig3c_I_SHG_4L!B1 -> Delta_I_SHG 4L | M1: =Fig3c_I_SHG_4L!C1 -> I_SHG 4L | N1: =Fig3c_I_SHG_4L!D1 -> Margin of Error (95% CI)
A2: =Fig3c_I_SHG_2L!A2 -> 39.97 | B2: =Fig3c_I_SHG_2L!B2 -> 6.5546648 | C2: =Fig3c_I_SHG_2L!C2 -> 11.65919 | D2: =Fig3c_I_SHG_2L!D2 -> 0.12387102 | F2: =Fig3c_I_SHG_3L!A2 -> 39.97 | G2: =Fig3c_I_SHG_3L!B2 -> 8.0788788 | H2: =Fig3c_I_SHG_3L!C2 -> 12.172095 | I2: =Fig3c_I_SHG_3L!D2 -> 0.17777004 | K2: =Fig3c_I_SHG_4L!A2 -> 39.97 | L2: =Fig3c_I_SHG_4L!B2 -> 6.220498 | M2: =Fig3c_I_SHG_4L!C2 -> 9.1523824 | N2: =Fig3c_I_SHG_4L!D2 -> 0.12235588
A3: =Fig3c_I_SHG_2L!A3 -> 49.84 | B3: =Fig3c_I_SHG_2L!B3 -> 6.2386648 | C3: =Fig3c_I_SHG_2L!C3 -> 11.34319 | D3: =Fig3c_I_SHG_2L!D3 -> 0.13985386 | F3: =Fig3c_I_SHG_3L!A3 -> 49.84 | G3: =Fig3c_I_SHG_3L!B3 -> 7.2656407 | H3: =Fig3c_I_SHG_3L!C3 -> 11.358857 | I3: =Fig3c_I_SHG_3L!D3 -> 0.13230159 | K3: =Fig3c_I_SHG_4L!A3 -> 49.84 | L3: =Fig3c_I_SHG_4L!B3 -> 5.3157637 | M3: =Fig3c_I_SHG_4L!C3 -> 8.2476481 | N3: =Fig3c_I_SHG_4L!D3 -> 0.13674243
A4: =Fig3c_I_SHG_2L!A4 -> 60 | B4: =Fig3c_I_SHG_2L!B4 -> 5.7547124 | C4: =Fig3c_I_SHG_2L!C4 -> 10.859238 | D4: =Fig3c_I_SHG_2L!D4 -> 0.10399197 | F4: =Fig3c_I_SHG_3L!A4 -> 60 | G4: =Fig3c_I_SHG_3L!B4 -> 7.3730216 | H4: =Fig3c_I_SHG_3L!C4 -> 11.466238 | I4: =Fig3c_I_SHG_3L!D4 -> 0.16997679 | K4: =Fig3c_I_SHG_4L!A4 -> 60 | L4: =Fig3c_I_SHG_4L!B4 -> 5.1349252 | M4: =Fig3c_I_SHG_4L!C4 -> 8.0668095 | N4: =Fig3c_I_SHG_4L!D4 -> 0.10802857
A5: =Fig3c_I_SHG_2L!A5 -> 70.03 | B5: =Fig3c_I_SHG_2L!B5 -> 5.0772838 | C5: =Fig3c_I_SHG_2L!C5 -> 10.18181 | D5: =Fig3c_I_SHG_2L!D5 -> 0.15859429 | F5: =Fig3c_I_SHG_3L!A5 -> 70.03 | G5: =Fig3c_I_SHG_3L!B5 -> 6.6236883 | H5: =Fig3c_I_SHG_3L!C5 -> 10.716905 | I5: =Fig3c_I_SHG_3L!D5 -> 0.15282908 | K5: =Fig3c_I_SHG_4L!A5 -> 70.03 | L5: =Fig3c_I_SHG_4L!B5 -> 4.762449 | M5: =Fig3c_I_SHG_4L!C5 -> 7.6943333 | N5: =Fig3c_I_SHG_4L!D5 -> 0.12679692
A6: =Fig3c_I_SHG_2L!A6 -> 80.04 | B6: =Fig3c_I_SHG_2L!B6 -> 4.4674971 | C6: =Fig3c_I_SHG_2L!C6 -> 9.5720229 | D6: =Fig3c_I_SHG_2L!D6 -> 0.18064228 | F6: =Fig3c_I_SHG_3L!A6 -> 80 | G6: =Fig3c_I_SHG_3L!B6 -> 6.6163073 | H6: =Fig3c_I_SHG_3L!C6 -> 10.709524 | I6: =Fig3c_I_SHG_3L!D6 -> 0.13200709 | K6: =Fig3c_I_SHG_4L!A6 -> 80.04 | L6: =Fig3c_I_SHG_4L!B6 -> 4.3604814 | M6: =Fig3c_I_SHG_4L!C6 -> 7.2923657 | N6: =Fig3c_I_SHG_4L!D6 -> 0.16187709
A7: =Fig3c_I_SHG_2L!A7 -> 89.99 | B7: =Fig3c_I_SHG_2L!B7 -> 4.208379 | C7: =Fig3c_I_SHG_2L!C7 -> 9.3129048 | D7: =Fig3c_I_SHG_2L!D7 -> 0.14835836 | F7: =Fig3c_I_SHG_3L!A7 -> 89.99 | G7: =Fig3c_I_SHG_3L!B7 -> 5.6277359 | H7: =Fig3c_I_SHG_3L!C7 -> 9.7209524 | I7: =Fig3c_I_SHG_3L!D7 -> 0.13026507 | K7: =Fig3c_I_SHG_4L!A7 -> 89.99 | L7: =Fig3c_I_SHG_4L!B7 -> 4.1215918 | M7: =Fig3c_I_SHG_4L!C7 -> 7.0534762 | N7: =Fig3c_I_SHG_4L!D7 -> 0.13735194
A8: =Fig3c_I_SHG_2L!A8 -> 99.8 | B8: =Fig3c_I_SHG_2L!B8 -> 3.6998552 | C8: =Fig3c_I_SHG_2L!C8 -> 8.804381 | D8: =Fig3c_I_SHG_2L!D8 -> 0.16507155 | F8: =Fig3c_I_SHG_3L!A8 -> 99.8 | G8: =Fig3c_I_SHG_3L!B8 -> 4.8424026 | H8: =Fig3c_I_SHG_3L!C8 -> 8.935619 | I8: =Fig3c_I_SHG_3L!D8 -> 0.14978933 | K8: =Fig3c_I_SHG_4L!A8 -> 99.8 | L8: =Fig3c_I_SHG_4L!B8 -> 3.4661156 | M8: =Fig3c_I_SHG_4L!C8 -> 6.398 | N8: =Fig3c_I_SHG_4L!D8 -> 0.1312895
A9: =Fig3c_I_SHG_2L!A9 -> 104.89 | B9: =Fig3c_I_SHG_2L!B9 -> 3.4479505 | C9: =Fig3c_I_SHG_2L!C9 -> 8.5524762 | D9: =Fig3c_I_SHG_2L!D9 -> 0.15289114 | F9: =Fig3c_I_SHG_3L!A9 -> 104.89 | G9: =Fig3c_I_SHG_3L!B9 -> 4.5461169 | H9: =Fig3c_I_SHG_3L!C9 -> 8.6393333 | I9: =Fig3c_I_SHG_3L!D9 -> 0.1602082 | K9: =Fig3c_I_SHG_4L!A9 -> 104.89 | L9: =Fig3c_I_SHG_4L!B9 -> 3.0214966 | M9: =Fig3c_I_SHG_4L!C9 -> 5.953381 | N9: =Fig3c_I_SHG_4L!D9 -> 0.14309071
A10: =Fig3c_I_SHG_2L!A10 -> 109.88 | B10: =Fig3c_I_SHG_2L!B10 -> 2.8418076 | C10: =Fig3c_I_SHG_2L!C10 -> 7.9463333 | D10: =Fig3c_I_SHG_2L!D10 -> 0.13070928 | F10: =Fig3c_I_SHG_3L!A10 -> 109.88 | G10: =Fig3c_I_SHG_3L!B10 -> 3.6795216 | H10: =Fig3c_I_SHG_3L!C10 -> 7.7727381 | I10: =Fig3c_I_SHG_3L!D10 -> 0.12277532 | K10: =Fig3c_I_SHG_4L!A10 -> 109.72 | L10: =Fig3c_I_SHG_4L!B10 -> 2.8781728 | M10: =Fig3c_I_SHG_4L!C10 -> 5.8100571 | N10: =Fig3c_I_SHG_4L!D10 -> 0.1966141
A11: =Fig3c_I_SHG_2L!A11 -> 112.48 | B11: =Fig3c_I_SHG_2L!B11 -> 2.3935695 | C11: =Fig3c_I_SHG_2L!C11 -> 7.4980952 | D11: =Fig3c_I_SHG_2L!D11 -> 0.12828711 | F11: =Fig3c_I_SHG_3L!A11 -> 112.48 | G11: =Fig3c_I_SHG_3L!B11 -> 3.2274978 | H11: =Fig3c_I_SHG_3L!C11 -> 7.3207143 | I11: =Fig3c_I_SHG_3L!D11 -> 0.10059157 | K11: =Fig3c_I_SHG_4L!A11 -> 112.48 | L11: =Fig3c_I_SHG_4L!B11 -> 2.5356395 | M11: =Fig3c_I_SHG_4L!C11 -> 5.4675238 | N11: =Fig3c_I_SHG_4L!D11 -> 0.094002205
A12: =Fig3c_I_SHG_2L!A12 -> 117.47 | B12: =Fig3c_I_SHG_2L!B12 -> 2.1994743 | C12: =Fig3c_I_SHG_2L!C12 -> 7.304 | D12: =Fig3c_I_SHG_2L!D12 -> 0.12262623 | F12: =Fig3c_I_SHG_3L!A12 -> 117.47 | G12: =Fig3c_I_SHG_3L!B12 -> 3.2151169 | H12: =Fig3c_I_SHG_3L!C12 -> 7.3083333 | I12: =Fig3c_I_SHG_3L!D12 -> 0.19347296 | K12: =Fig3c_I_SHG_4L!A12 -> 117.47 | L12: =Fig3c_I_SHG_4L!B12 -> 2.3963537 | M12: =Fig3c_I_SHG_4L!C12 -> 5.3282381 | N12: =Fig3c_I_SHG_4L!D12 -> 0.10937283
... A28: =Fig3c_I_SHG_2L!A28 -> 157.44 | B28: =Fig3c_I_SHG_2L!B28 -> -0.083177143 | C28: =Fig3c_I_SHG_2L!C28 -> 5.0213486 | D28: =Fig3c_I_SHG_2L!D28 -> 0.22299965 | F28: =Fig3c_I_SHG_3L!A28 -> 157.27 | G28: =Fig3c_I_SHG_3L!B28 -> -0.085502177 | H28: =Fig3c_I_SHG_3L!C28 -> 4.0077143 | I28: =Fig3c_I_SHG_3L!D28 -> 0.098317189 | K28: =Fig3c_I_SHG_4L!A28 -> 157.27 | L28: =Fig3c_I_SHG_4L!B28 -> 0.12702041 | M28: =Fig3c_I_SHG_4L!C28 -> 3.0589048 | N28: =Fig3c_I_SHG_4L!D28 -> 0.10553211
F29: =Fig3c_I_SHG_3L!A29 -> 162.29 | G29: =Fig3c_I_SHG_3L!B29 -> -0.16235932 | H29: =Fig3c_I_SHG_3L!C29 -> 3.9308571 | I29: =Fig3c_I_SHG_3L!D29 -> 0.15725075 | K29: =Fig3c_I_SHG_4L!A29 -> 162.29 | L29: =Fig3c_I_SHG_4L!B29 -> -0.14555293 | M29: =Fig3c_I_SHG_4L!C29 -> 2.7863314 | N29: =Fig3c_I_SHG_4L!D29 -> 0.16825902
F30: =Fig3c_I_SHG_3L!A30 -> 164.77 | G30: =Fig3c_I_SHG_3L!B30 -> -0.062725034 | H30: =Fig3c_I_SHG_3L!C30 -> 4.0304914 | I30: =Fig3c_I_SHG_3L!D30 -> 0.17061173 | K30: =Fig3c_I_SHG_4L!A30 -> 164.77 | L30: =Fig3c_I_SHG_4L!B30 -> 0.14080136 | M30: =Fig3c_I_SHG_4L!C30 -> 3.0726857 | N30: =Fig3c_I_SHG_4L!D30 -> 0.15060526
K31: =Fig3c_I_SHG_4L!A31 -> 159.74 | L31: =Fig3c_I_SHG_4L!B31 -> 0.17995565 | M31: =Fig3c_I_SHG_4L!C31 -> 3.11184 | N31: =Fig3c_I_SHG_4L!D31 -> 0.13281789

Sheet Fig3d
A1: Temperature (K) | B1: Delta_I_SHG 1L | C1: I_SHG 1L | D1: Margin of Error (95% CI) | F1: 1-T/T_N | G1: sqrt(Delta_I_SHG 1L) | H1: Margin of Error (95% CI)
A2: 3.1 | B2: 1.9394007 | C2: 3.7795726 | D2: 0.054570403 | F2: 0.97803156 | G2: 0.58758294 | H2: 0.014034787
A3: 10.15 | B3: 1.9976104 | C3: 3.8377824 | D3: 0.049005833 | F3: 0.92807108 | G3: 0.60249651 | H3: 0.012507704
A4: 20.03 | B4: 1.8642025 | C4: 3.7043744 | D4: 0.044891877 | F4: 0.85805554 | G4: 0.56814577 | H4: 0.011662196
A5: 29.99 | B5: 2.127407 | C5: 3.9675789 | D5: 0.05561194 | F5: 0.78747308 | G5: 0.63534889 | H5: 0.013959673
A6: 39.95 | B6: 1.9419436 | C6: 3.7821156 | D6: 0.052626609 | F6: 0.71689061 | G6: 0.58823683 | H6: 0.013530318
A7: 50.06 | B7: 1.9052313 | C7: 3.7454032 | D7: 0.050913057 | F7: 0.64524516 | G7: 0.57877507 | H7: 0.013153759
A8: 60.21 | B8: 1.9421787 | C8: 3.7823506 | D8: 0.046655177 | F8: 0.57331624 | G8: 0.58829727 | H8: 0.011994688
A9: 70.21 | B9: 1.7133358 | C9: 3.5535077 | D9: 0.047570545 | F9: 0.50245031 | G9: 0.52854563 | H9: 0.01261768
A10: 79.9 | B10: 1.6999373 | C10: 3.5401092 | D10: 0.059320219 | F10: 0.43378123 | G10: 0.52498844 | H10: 0.015763927
A11: 89.77 | B11: 1.5967668 | C11: 3.4369387 | D11: 0.042598413 | F11: 0.36383656 | G11: 0.49736887 | H11: 0.011488876
A12: 99.85 | B12: 1.5211839 | C12: 3.3613558 | D12: 0.04471137 | F12: 0.2924037 | G12: 0.47687069 | H12: 0.012193566
A13: 102.05 | B13: 1.3627525 | C13: 3.2029244 | D13: 0.050668657 | F13: 0.2768132 | G13: 0.43314223 | H13: 0.014155853
... A48: 140.99 | B48: 0.039848673 | C48: 1.8800206 | D48: 0.044662245 | F48: 0.00086127061 | G48: 0.014609064 | H48: 0.016286556
A49: 141.96 | B49: -0.011672498 | C49: 1.8284994 | D49: 0.029185824
A50: 143.04 | B50: 0.0028371974 | C50: 1.8430091 | D50: 0.046448516
A51: 144.11 | B51: -0.041418442 | C51: 1.7987535 | D51: 0.037842305
A52: 145.02 | B52: 0.014547526 | C52: 1.8547194 | D52: 0.047165469
A53: 146.18 | B53: 0.0046535805 | C53: 1.8448255 | D53: 0.037895893
A54: 147.1 | B54: 0.027881914 | C54: 1.8680538 | D54: 0.042556288
A55: 148.06 | B55: -0.015305264 | C55: 1.8248666 | D55: 0.042297994
A56: 149.06 | B56: 0.013051681 | C56: 1.8532236 | D56: 0.03902877
A57: 150.07 | B57: -0.030862051 | C57: 1.8093099 | D57: 0.039959603
A58: 152.12 | B58: 0.011406252 | C58: 1.8515782 | D58: 0.041832709
A59: 154.22 | B59: 0.018586307 | C59: 1.8587582 | D59: 0.041553391
A60: 156.24 | B60: 0.021257459 | C60: 1.8614294 | D60: 0.040463161
... A62: 160.02 | B62: -0.0075696091 | C62: 1.8326023 | D62: 0.049389098

Sheet Fig3c_I_SHG_2L
A1: Temperature (K) | B1: Delta_I_SHG 2L | C1: I_SHG 2L | D1: Margin of Error (95% CI)
A2: 39.97 | B2: 6.5546648 | C2: 11.65919 | D2: 0.12387102
A3: 49.84 | B3: 6.2386648 | C3: 11.34319 | D3: 0.13985386
A4: 60 | B4: 5.7547124 | C4: 10.859238 | D4: 0.10399197
A5: 70.03 | B5: 5.0772838 | C5: 10.18181 | D5: 0.15859429
A6: 80.04 | B6: 4.4674971 | C6: 9.5720229 | D6: 0.18064228
A7: 89.99 | B7: 4.208379 | C7: 9.3129048 | D7: 0.14835836
A8: 99.8 | B8: 3.6998552 | C8: 8.804381 | D8: 0.16507155
A9: 104.89 | B9: 3.4479505 | C9: 8.5524762 | D9: 0.15289114
A10: 109.88 | B10: 2.8418076 | C10: 7.9463333 | D10: 0.13070928
A11: 112.48 | B11: 2.3935695 | C11: 7.4980952 | D11: 0.12828711
A12: 117.47 | B12: 2.1994743 | C12: 7.304 | D12: 0.12262623
A13: 119.92 | B13: 2.0110457 | C13: 7.1155714 | D13: 0.15077645
... A28: 157.44 | B28: -0.083177143 | C28: 5.0213486 | D28: 0.22299965

Sheet Fig3c_I_SHG_3L
A1: Temperature (K) | B1: Delta_I_SHG 3L | C1: I_SHG 3L | D1: Margin of Error (95% CI)
A2: 39.97 | B2: 8.0788788 | C2: 12.172095 | D2: 0.17777004
A3: 49.84 | B3: 7.2656407 | C3: 11.358857 | D3: 0.13230159
A4: 60 | B4: 7.3730216 | C4: 11.466238 | D4: 0.16997679
A5: 70.03 | B5: 6.6236883 | C5: 10.716905 | D5: 0.15282908
A6: 80 | B6: 6.6163073 | C6: 10.709524 | D6: 0.13200709
A7: 89.99 | B7: 5.6277359 | C7: 9.7209524 | D7: 0.13026507
A8: 99.8 | B8: 4.8424026 | C8: 8.935619 | D8: 0.14978933
A9: 104.89 | B9: 4.5461169 | C9: 8.6393333 | D9: 0.1602082
A10: 109.88 | B10: 3.6795216 | C10: 7.7727381 | D10: 0.12277532
A11: 112.48 | B11: 3.2274978 | C11: 7.3207143 | D11: 0.10059157
A12: 117.47 | B12: 3.2151169 | C12: 7.3083333 | D12: 0.19347296
A13: 119.92 | B13: 2.8687359 | C13: 6.9619524 | D13: 0.14478024
... A30: 164.77 | B30: -0.062725034 | C30: 4.0304914 | D30: 0.17061173

Sheet Fig3c_I_SHG_4L
A1: Temperature (K) | B1: Delta_I_SHG 4L | C1: I_SHG 4L | D1: Margin of Error (95% CI)
A2: 39.97 | B2: 6.220498 | C2: 9.1523824 | D2: 0.12235588
A3: 49.84 | B3: 5.3157637 | C3: 8.2476481 | D3: 0.13674243
A4: 60 | B4: 5.1349252 | C4: 8.0668095 | D4: 0.10802857
A5: 70.03 | B5: 4.762449 | C5: 7.6943333 | D5: 0.12679692
A6: 80.04 | B6: 4.3604814 | C6: 7.2923657 | D6: 0.16187709
A7: 89.99 | B7: 4.1215918 | C7: 7.0534762 | D7: 0.13735194
A8: 99.8 | B8: 3.4661156 | C8: 6.398 | D8: 0.1312895
A9: 104.89 | B9: 3.0214966 | C9: 5.953381 | D9: 0.14309071
A10: 109.72 | B10: 2.8781728 | C10: 5.8100571 | D10: 0.1966141
A11: 112.48 | B11: 2.5356395 | C11: 5.4675238 | D11: 0.094002205
A12: 117.47 | B12: 2.3963537 | C12: 5.3282381 | D12: 0.10937283
A13: 119.92 | B13: 2.2936871 | C13: 5.2255714 | D13: 0.15476036
... A31: 159.74 | B31: 0.17995565 | C31: 3.11184 | D31: 0.13281789

Sheet Fig3d_I_SHG_1L
A1: Temperature (K) | B1: Delta_I_SHG 1L | C1: I_SHG 1L | D1: Margin of Error (95% CI)
A2: 3.1 | B2: 1.9394007 | C2: 3.7795726 | D2: 0.054570403
A3: 10.15 | B3: 1.9976104 | C3: 3.8377824 | D3: 0.049005833
A4: 20.03 | B4: 1.8642025 | C4: 3.7043744 | D4: 0.044891877
A5: 29.99 | B5: 2.127407 | C5: 3.9675789 | D5: 0.05561194
A6: 39.95 | B6: 1.9419436 | C6: 3.7821156 | D6: 0.052626609
A7: 50.06 | B7: 1.9052313 | C7: 3.7454032 | D7: 0.050913057
A8: 60.21 | B8: 1.9421787 | C8: 3.7823506 | D8: 0.046655177
A9: 70.21 | B9: 1.7133358 | C9: 3.5535077 | D9: 0.047570545
A10: 79.9 | B10: 1.6999373 | C10: 3.5401092 | D10: 0.059320219
A11: 89.77 | B11: 1.5967668 | C11: 3.4369387 | D11: 0.042598413
A12: 99.85 | B12: 1.5211839 | C12: 3.3613558 | D12: 0.04471137
A13: 102.05 | B13: 1.3627525 | C13: 3.2029244 | D13: 0.050668657
... A62: 160.02 | B62: -0.0075696091 | C62: 1.8326023 | D62: 0.049389098

Sheet Fig3d_Delta_I_SHG_sqrt_1L
A1: 1-T/T_N | B1: sqrt(Delta_I_SHG 1L) | C1: Margin of Error (95% CI)
A2: 0.97803156 | B2: 0.58758294 | C2: 0.014034787
A3: 0.92807108 | B3: 0.60249651 | C3: 0.012507704
A4: 0.85805554 | B4: 0.56814577 | C4: 0.011662196
A5: 0.78747308 | B5: 0.63534889 | C5: 0.013959673
A6: 0.71689061 | B6: 0.58823683 | C6: 0.013530318
A7: 0.64524516 | B7: 0.57877507 | C7: 0.013153759
A8: 0.57331624 | B8: 0.58829727 | C8: 0.011994688
A9: 0.50245031 | B9: 0.52854563 | C9: 0.01261768
A10: 0.43378123 | B10: 0.52498844 | C10: 0.015763927
A11: 0.36383656 | B11: 0.49736887 | C11: 0.011488876
A12: 0.2924037 | B12: 0.47687069 | C12: 0.012193566
A13: 0.2768132 | B13: 0.43314223 | C13: 0.014155853
... A48: 0.00086127061 | B48: 0.014609064 | C48: 0.016286556

Sheet Fig3c_Delta_I_SHG_sqrt_2L
A1: 1-T/T_N | B1: sqrt(Delta_I_SHG 2L) | C1: Margin of Error (95% CI)
A2: 0.7145466 | B2: 1.1556823 | C2: 0.018138674
A3: 0.64405811 | B3: 1.1090919 | C3: 0.020762366
A4: 0.57149853 | B4: 1.0364624 | C4: 0.015778661
A5: 0.49986737 | B5: 0.93202138 | C5: 0.024851068
A6: 0.42837904 | B6: 0.83499519 | C6: 0.029193592
A7: 0.35731921 | B7: 0.79283182 | C7: 0.024307453
A8: 0.28725922 | B8: 0.70834431 | C8: 0.027815881
A9: 0.25090801 | B9: 0.66558829 | C9: 0.026140049
A10: 0.21527097 | B10: 0.56005074 | C10: 0.023184249
A11: 0.19670257 | B11: 0.4793916 | C11: 0.023424889
A12: 0.16106554 | B12: 0.44371794 | C12: 0.022686788
A13: 0.14356839 | B13: 0.40862944 | C13: 0.028261723
... A24: -0.051614028 | B24: 0.001265655 | C24: 0.039174646

Sheet Fig3c_Delta_I_SHG_sqrt_3L
A1: 1-T/T_N | B1: sqrt(Delta_I_SHG 3L) | C1: Margin of Error (95% CI)
A2: 0.73006069 | B2: 1.4814986 | C2: 0.025476861
A3: 0.66340317 | B3: 1.362936 | C3: 0.019627625
A4: 0.59478712 | B4: 1.378829 | C4: 0.02509858
A5: 0.52704903 | B5: 1.266314 | C5: 0.023342175
A6: 0.45971616 | B6: 1.2651865 | C6: 0.020168899
A7: 0.39224822 | B7: 1.1104898 | C7: 0.020890247
A8: 0.32599591 | B8: 0.98189619 | C8: 0.025054663
A9: 0.29162035 | B9: 0.93191989 | C9: 0.027253019
A10: 0.25792015 | B10: 0.78060868 | C10: 0.022018821
A11: 0.24036092 | B11: 0.69832746 | C11: 0.018588951
A12: 0.20666072 | B12: 0.69603853 | C12: 0.035783359
A13: 0.19011452 | B13: 0.63119679 | C13: 0.027435556
... A24: 0.0054049872 | B24: 0.084028148 | C24: 0.017946537

Sheet Fig3c_Delta_I_SHG_sqrt_4L
A1: 1-T/T_N | B1: sqrt(Delta_I_SHG 4L) | C1: Margin of Error (95% CI)
A2: 0.73042353 | B2: 1.3131794 | C2: 0.02022217
A3: 0.6638556 | B3: 1.1597608 | C3: 0.023807196
A4: 0.59533179 | B4: 1.1281019 | C4: 0.019017689
A5: 0.52768475 | B5: 1.0617551 | C5: 0.02285563
A6: 0.4601726 | B6: 0.98832699 | C6: 0.029972377
A7: 0.39306512 | B7: 0.94372707 | C7: 0.025858492
A8: 0.32690187 | B8: 0.81731575 | C8: 0.025952421
A9: 0.29257252 | B9: 0.72784405 | C9: 0.029322407
A10: 0.25999673 | B10: 0.69829495 | C10: 0.040784435
A11: 0.24138199 | B11: 0.62616262 | C11: 0.02010077
A12: 0.20772708 | B12: 0.5961866 | C12: 0.023691232
A13: 0.19120313 | B13: 0.57383981 | C13: 0.033850325
... A23: 0.023603045 | B23: 0.18271899 | C23: 0.027886589

Sheet Fig3e_MSF_K_Dependence
A1: Temperature (K = 0.0) | B1: Temperature/Tc (K = 0.0) | C1: Magnetic Structure Factor(K = 0.0) | D1: Temperature (K = 0.1) | E1: Temperature/Tc (K = 0.1) | F1: Magnetic Structure Factor(K = 0.1) | G1: Temperature (K = 0.2) | H1: Temperature/Tc (K = 0.2) | I1: Magnetic Structure Factor(K = 0.2) | J1: Temperature (K = 0.3) | K1: Temperature/Tc (K = 0.3) | L1: Magnetic Structure Factor(K = 0.3) | M1: Temperature (K = 0.4) | N1: Temperature/Tc (K = 0.4) | O1: Magnetic Structure Factor(K = 0.4) | P1: Temperature (K = 0.5) | Q1: Temperature/Tc (K = 0.5) | R1: Magnetic Structure Factor(K = 0.5) | S1: Temperature (K = 0.6) | T1: Temperature/Tc (K = 0.6) | U1: Magnetic Structure Factor(K = 0.6) | V1: Temperature (K = 0.7) | W1: Temperature/Tc (K = 0.7) | X1: Magnetic Structure Factor(K = 0.7) | Y1: Temperature (K = 0.8) | Z1: Temperature/Tc (K = 0.8) | AA1: Magnetic Structure Factor(K = 0.8) | AB1: Temperature (K = 0.9) | AC1: Temperature/Tc (K = 0.9) | AD1: Magnetic Structure Factor(K = 0.9) | AE1: Temperature (K = 1.0) | AF1: Temperature/Tc (K = 1.0) | AG1: Magnetic Structure Factor(K = 1.0) | AH1: Temperature (K = 2.0) | AI1: Temperature/Tc (K = 2.0) | AJ1: Magnetic Structure Factor(K = 2.0) | AK1: Temperature (K = 3.0) | AL1: Temperature/Tc (K = 3.0) | AM1: Magnetic Structure Factor(K = 3.0) | AN1: Temperature (K = 4.0) | AO1: Temperature/Tc (K = 4.0) | AP1: Magnetic Structure Factor(K = 4.0) | AQ1: Temperature (K = 5.0) | AR1: Temperature/Tc (K = 5.0) | AS1: Magnetic Structure Factor(K = 5.0) | AT1: Temperature (K = 6.0) | AU1: Temperature/Tc (K = 6.0) | AV1: Magnetic Structure Factor(K = 6.0)
A2: 2 | B2: 0.014686644 | C2: 0.9881533 | D2: 2 | E2: 0.014686644 | F2: 0.99151408 | G2: 2 | H2: 0.014470663 | I2: 0.9925041 | J2: 2 | K2: 0.014470663 | L2: 0.99285282 | M2: 2 | N2: 0.014470663 | O2: 0.99341886 | P2: 2 | Q2: 0.014686644 | R2: 0.99363416 | S2: 2 | T2: 0.014686644 | U2: 0.99413463 | V2: 2 | W2: 0.014470663 | X2: 0.99427621 | Y2: 2 | Z2: 0.014686644 | AA2: 0.99450557 | AB2: 2 | AC2: 0.014470663 | AD2: 0.99469505 | AE2: 2 | AF2: 0.014686644 | AG2: 0.99480875 | AH2: 2 | AI2: 0.014470663 | AJ2: 0.99602396 | AK2: 2 | AL2: 0.014470663 | AM2: 0.9965949 | AN2: 2 | AO2: 0.014260944 | AP2: 0.99698428 | AQ2: 2 | AR2: 0.014057216 | AS2: 0.9973178 | AT2: 2 | AU2: 0.014057216 | AV2: 0.99757148
A3: 4 | B3: 0.029373287 | C3: 0.97634951 | D3: 4 | E3: 0.029373287 | F3: 0.98303061 | G3: 4 | H3: 0.028941327 | I3: 0.98473074 | J3: 4 | K3: 0.028941327 | L3: 0.98610858 | M3: 4 | N3: 0.028941327 | O3: 0.98664886 | P3: 4 | Q3: 0.029373287 | R3: 0.98729263 | S3: 4 | T3: 0.029373287 | U3: 0.98803799 | V3: 4 | W3: 0.028941327 | X3: 0.98843961 | Y3: 4 | Z3: 0.029373287 | AA3: 0.98883136 | AB3: 4 | AC3: 0.028941327 | AD3: 0.98931669 | AE3: 4 | AF3: 0.029373287 | AG3: 0.98951165 | AH3: 4 | AI3: 0.028941327 | AJ3: 0.99188453 | AK3: 4 | AL3: 0.028941327 | AM3: 0.9931996 | AN3: 4 | AO3: 0.028521887 | AP3: 0.99397311 | AQ3: 4 | AR3: 0.028114432 | AS3: 0.99455942 | AT3: 4 | AU3: 0.028114432 | AV3: 0.99503019
A4: 6 | B4: 0.044059931 | C4: 0.96414332 | D4: 6 | E4: 0.044059931 | F4: 0.9739499 | G4: 6 | H4: 0.04341199 | I4: 0.97660644 | J4: 6 | K4: 0.04341199 | L4: 0.97817638 | M4: 6 | N4: 0.04341199 | O4: 0.97960506 | P4: 6 | Q4: 0.044059931 | R4: 0.98075747 | S4: 6 | T4: 0.044059931 | U4: 0.9816886 | V4: 6 | W4: 0.04341199 | X4: 0.9822475 | Y4: 6 | Z4: 0.044059931 | AA4: 0.98308613 | AB4: 6 | AC4: 0.04341199 | AD4: 0.98366526 | AE4: 6 | AF4: 0.044059931 | AG4: 0.98423662 | AH4: 6 | AI4: 0.04341199 | AJ4: 0.98756291 | AK4: 6 | AL4: 0.04341199 | AM4: 0.98941615 | AN4: 6 | AO4: 0.042782831 | AP4: 0.99092867 | AQ4: 6 | AR4: 0.042171648 | AS4: 0.99184669 | AT4: 6 | AU4: 0.042171648 | AV4: 0.99267945
A5: 8 | B5: 0.058746574 | C5: 0.95286297 | D5: 8 | E5: 0.058746574 | F5: 0.9652532 | G5: 8 | H5: 0.057882654 | I5: 0.96855319 | J5: 8 | K5: 0.057882654 | L5: 0.97077274 | M5: 8 | N5: 0.057882654 | O5: 0.97274429 | P5: 8 | Q5: 0.058746574 | R5: 0.9735019 | S5: 8 | T5: 0.058746574 | U5: 0.97509503 | V5: 8 | W5: 0.057882654 | X5: 0.97647995 | Y5: 8 | Z5: 0.058746574 | AA5: 0.97713423 | AB5: 8 | AC5: 0.057882654 | AD5: 0.97757713 | AE5: 8 | AF5: 0.058746574 | AG5: 0.97858786 | AH5: 8 | AI5: 0.057882654 | AJ5: 0.98355418 | AK5: 8 | AL5: 0.057882654 | AM5: 0.98587225 | AN5: 8 | AO5: 0.057043775 | AP5: 0.98768813 | AQ5: 8 | AR5: 0.056228864 | AS5: 0.98896064 | AT5: 8 | AU5: 0.056228864 | AV5: 0.98991953
A6: 10 | B6: 0.073433218 | C6: 0.94309542 | D6: 10 | E6: 0.073433218 | F6: 0.95546715 | G6: 10 | H6: 0.072353317 | I6: 0.96040392 | J6: 10 | K6: 0.072353317 | L6: 0.96326177 | M6: 10 | N6: 0.072353317 | O6: 0.96556958 | P6: 10 | Q6: 0.073433218 | R6: 0.96708933 | S6: 10 | T6: 0.073433218 | U6: 0.96865555 | V6: 10 | W6: 0.072353317 | X6: 0.96976014 | Y6: 10 | Z6: 0.073433218 | AA6: 0.97044368 | AB6: 10 | AC6: 0.072353317 | AD6: 0.97145861 | AE6: 10 | AF6: 0.073433218 | AG6: 0.97294748 | AH6: 10 | AI6: 0.072353317 | AJ6: 0.97878374 | AK6: 10 | AL6: 0.072353317 | AM6: 0.98204136 | AN6: 10 | AO6: 0.071304719 | AP6: 0.98455411 | AQ6: 10 | AR6: 0.07028608 | AS6: 0.98588814 | AT6: 10 | AU6: 0.07028608 | AV6: 0.98731051
A7: 12 | B7: 0.088119861 | C7: 0.92719374 | D7: 12 | E7: 0.088119861 | F7: 0.94705985 | G7: 12 | H7: 0.086823981 | I7: 0.95104625 | J7: 12 | K7: 0.086823981 | L7: 0.95539286 | M7: 12 | N7: 0.086823981 | O7: 0.95725091 | P7: 12 | Q7: 0.088119861 | R7: 0.95942025 | S7: 12 | T7: 0.088119861 | U7: 0.96171953 | V7: 12 | W7: 0.086823981 | X7: 0.96299876 | Y7: 12 | Z7: 0.088119861 | AA7: 0.96487596 | AB7: 12 | AC7: 0.086823981 | AD7: 0.96586832 | AE7: 12 | AF7: 0.088119861 | AG7: 0.96689462 | AH7: 12 | AI7: 0.086823981 | AJ7: 0.97414334 | AK7: 12 | AL7: 0.086823981 | AM7: 0.9785384 | AN7: 12 | AO7: 0.085565662 | AP7: 0.98091989 | AQ7: 12 | AR7: 0.084343296 | AS7: 0.98314562 | AT7: 12 | AU7: 0.084343296 | AV7: 0.98461761
A8: 14 | B8: 0.1028065 | C8: 0.91988816 | D8: 14 | E8: 0.1028065 | F8: 0.93725246 | G8: 14 | H8: 0.10129464 | I8: 0.94251283 | J8: 14 | K8: 0.10129464 | L8: 0.94497452 | M8: 14 | N8: 0.10129464 | O8: 0.94927608 | P8: 14 | Q8: 0.1028065 | R8: 0.9523164 | S8: 14 | T8: 0.1028065 | U8: 0.95407768 | V8: 14 | W8: 0.10129464 | X8: 0.95651138 | Y8: 14 | Z8: 0.1028065 | AA8: 0.95763447 | AB8: 14 | AC8: 0.10129464 | AD8: 0.95907746 | AE8: 14 | AF8: 0.1028065 | AG8: 0.96046664 | AH8: 14 | AI8: 0.10129464 | AJ8: 0.9696203 | AK8: 14 | AL8: 0.10129464 | AM8: 0.97446117 | AN8: 14 | AO8: 0.099826606 | AP8: 0.97765623 | AQ8: 14 | AR8: 0.098400512 | AS8: 0.98029009 | AT8: 14 | AU8: 0.098400512 | AV8: 0.9821246
A9: 16 | B9: 0.11749315 | C9: 0.90641634 | D9: 16 | E9: 0.11749315 | F9: 0.92574802 | G9: 16 | H9: 0.11576531 | I9: 0.93384585 | J9: 16 | K9: 0.11576531 | L9: 0.9388331 | M9: 16 | N9: 0.11576531 | O9: 0.94107267 | P9: 16 | Q9: 0.11749315 | R9: 0.94356162 | S9: 16 | T9: 0.11749315 | U9: 0.94714938 | V9: 16 | W9: 0.11576531 | X9: 0.94896822 | Y9: 16 | Z9: 0.11749315 | AA9: 0.95084731 | AB9: 16 | AC9: 0.11576531 | AD9: 0.95196707 | AE9: 16 | AF9: 0.11749315 | AG9: 0.95379053 | AH9: 16 | AI9: 0.11576531 | AJ9: 0.96412565 | AK9: 16 | AL9: 0.11576531 | AM9: 0.97047324 | AN9: 16 | AO9: 0.11408755 | AP9: 0.97410386 | AQ9: 16 | AR9: 0.11245773 | AS9: 0.97686142 | AT9: 16 | AU9: 0.11245773 | AV9: 0.97902318
A10: 18 | B10: 0.13217979 | C10: 0.89643592 | D10: 18 | E10: 0.13217979 | F10: 0.91555235 | G10: 18 | H10: 0.13023597 | I10: 0.92378241 | J10: 18 | K10: 0.13023597 | L10: 0.92872347 | M10: 18 | N10: 0.13023597 | O10: 0.93446829 | P10: 18 | Q10: 0.13217979 | R10: 0.93749257 | S10: 18 | T10: 0.13217979 | U10: 0.9388893 | V10: 18 | W10: 0.13023597 | X10: 0.94110565 | Y10: 18 | Z10: 0.13217979 | AA10: 0.94441662 | AB10: 18 | AC10: 0.13023597 | AD10: 0.94545285 | AE10: 18 | AF10: 0.13217979 | AG10: 0.94757959 | AH10: 18 | AI10: 0.13023597 | AJ10: 0.95913622 | AK10: 18 | AL10: 0.13023597 | AM10: 0.96528071 | AN10: 18 | AO10: 0.12834849 | AP10: 0.97019545 | AQ10: 18 | AR10: 0.12651494 | AS10: 0.97342692 | AT10: 18 | AU10: 0.12651494 | AV10: 0.9761519
A11: 20 | B11: 0.14686644 | C11: 0.88800844 | D11: 20 | E11: 0.14686644 | F11: 0.90862456 | G11: 20 | H11: 0.14470663 | I11: 0.91454412 | J11: 20 | K11: 0.14470663 | L11: 0.91909035 | M11: 20 | N11: 0.14470663 | O11: 0.92441687 | P11: 20 | Q11: 0.14686644 | R11: 0.92802203 | S11: 20 | T11: 0.14686644 | U11: 0.93135624 | V11: 20 | W11: 0.14470663 | X11: 0.9342537 | Y11: 20 | Z11: 0.14686644 | AA11: 0.93628846 | AB11: 20 | AC11: 0.14470663 | AD11: 0.93919164 | AE11: 20 | AF11: 0.14686644 | AG11: 0.93977126 | AH11: 20 | AI11: 0.14470663 | AJ11: 0.95358936 | AK11: 20 | AL11: 0.14470663 | AM11: 0.96127044 | AN11: 20 | AO11: 0.14260944 | AP11: 0.96617104 | AQ11: 20 | AR11: 0.14057216 | AS11: 0.97037473 | AT11: 20 | AU11: 0.14057216 | AV11: 0.97324736
A12: 22 | B12: 0.16155308 | C12: 0.87234666 | D12: 22 | E12: 0.16155308 | F12: 0.89745497 | G12: 22 | H12: 0.1591773 | I12: 0.90567389 | J12: 22 | K12: 0.1591773 | L12: 0.91238794 | M12: 22 | N12: 0.1591773 | O12: 0.91638308 | P12: 22 | Q12: 0.16155308 | R12: 0.92093964 | S12: 22 | T12: 0.16155308 | U12: 0.92411884 | V12: 22 | W12: 0.1591773 | X12: 0.92662379 | Y12: 22 | Z12: 0.16155308 | AA12: 0.92870613 | AB12: 22 | AC12: 0.1591773 | AD12: 0.93147013 | AE12: 22 | AF12: 0.16155308 | AG12: 0.93291838 | AH12: 22 | AI12: 0.1591773 | AJ12: 0.94872275 | AK12: 22 | AL12: 0.1591773 | AM12: 0.95669722 | AN12: 22 | AO12: 0.15687038 | AP12: 0.9624022 | AQ12: 22 | AR12: 0.15462938 | AS12: 0.96698706 | AT12: 22 | AU12: 0.15462938 | AV12: 0.96987634
A13: 24 | B13: 0.17623972 | C13: 0.86767362 | D13: 24 | E13: 0.17623972 | F13: 0.8842017 | G13: 24 | H13: 0.17364796 | I13: 0.89707986 | J13: 24 | K13: 0.17364796 | L13: 0.90216943 | M13: 24 | N13: 0.17364796 | O13: 0.90592705 | P13: 24 | Q13: 0.17623972 | R13: 0.91074575 | S13: 24 | T13: 0.17623972 | U13: 0.91538587 | V13: 24 | W13: 0.17364796 | X13: 0.91780615 | Y13: 24 | Z13: 0.17623972 | AA13: 0.92143105 | AB13: 24 | AC13: 0.17364796 | AD13: 0.92353445 | AE13: 24 | AF13: 0.17623972 | AG13: 0.92646593 | AH13: 24 | AI13: 0.17364796 | AJ13: 0.94201195 | AK13: 24 | AL13: 0.17364796 | AM13: 0.95216417 | AN13: 24 | AO13: 0.17113132 | AP13: 0.9581532 | AQ13: 24 | AR13: 0.16868659 | AS13: 0.96337562 | AT13: 24 | AU13: 0.16868659 | AV13: 0.96718374
... A101: 200 | B101: 1.4686644 | C101: 0.00019151792 | D101: 200 | E101: 1.4686644 | F101: 0.00052643631 | G101: 200 | H101: 1.4470663 | I101: 1.2716071e-05 | J101: 200 | K101: 1.4470663 | L101: 0.00017508847 | M101: 200 | N101: 1.4470663 | O101: 7.8735453e-05 | P101: 200 | Q101: 1.4686644 | R101: 0.00013437678 | S101: 200 | T101: 1.4686644 | U101: 0.00015221884 | V101: 200 | W101: 1.4470663 | X101: 0.00035278982 | Y101: 200 | Z101: 1.4686644 | AA101: 0.00033173522 | AB101: 200 | AC101: 1.4470663 | AD101: 0.00014972214 | AE101: 200 | AF101: 1.4686644 | AG101: 7.5372783e-05 | AH101: 200 | AI101: 1.4470663 | AJ101: 0.00029050816 | AK101: 200 | AL101: 1.4470663 | AM101: 0.0001374428 | AN101: 200 | AO101: 1.4260944 | AP101: 0.00037294176 | AQ101: 200 | AR101: 1.4057216 | AS101: 0.00041507543 | AT101: 200 | AU101: 1.4057216 | AV101: 0.00013203389

Sheet Fig3f_MSF_L_Dependence
A1: Temperature (L = 30) | B1: Temperature/Tc (L = 30) | C1: Magnetic Structure Factor (L = 30) | D1: Temperature (L = 100) | E1: Temperature/Tc (L = 100) | F1: Magnetic Structure Factor (L = 100) | G1: Temperature (L = 300) | H1: Temperature/Tc (L = 300) | I1: Magnetic Structure Factor (L = 300)
A2: 2 | B2: 0.014199472 | C2: 0.99604592 | D2: 2 | E2: 0.014492737 | F2: 0.99602396 | G2: 2 | H2: 0.014492754 | I2: 0.99598204
A3: 4 | B3: 0.028398944 | C3: 0.99171921 | D3: 4 | E3: 0.028985473 | F3: 0.99188453 | G3: 4 | H3: 0.028985507 | I3: 0.99181283
A4: 6 | B4: 0.042598417 | C4: 0.98740259 | D4: 6 | E4: 0.04347821 | F4: 0.98756291 | G4: 6 | H4: 0.043478261 | I4: 0.98760465
A5: 8 | B5: 0.056797889 | C5: 0.98310464 | D5: 8 | E5: 0.057970946 | F5: 0.98355418 | G5: 8 | H5: 0.057971014 | I5: 0.98329039
A6: 10 | B6: 0.070997361 | C6: 0.97876264 | D6: 10 | E6: 0.072463683 | F6: 0.97878374 | G6: 10 | H6: 0.072463768 | I6: 0.97873428
A7: 12 | B7: 0.085196833 | C7: 0.97391898 | D7: 12 | E7: 0.08695642 | F7: 0.97414334 | G7: 12 | H7: 0.086956522 | I7: 0.97401109
A8: 14 | B8: 0.099396305 | C8: 0.96856238 | D8: 14 | E8: 0.10144916 | F8: 0.9696203 | G8: 14 | H8: 0.10144928 | I8: 0.9693328
A9: 16 | B9: 0.11359578 | C9: 0.96305502 | D9: 16 | E9: 0.11594189 | F9: 0.96412565 | G9: 16 | H9: 0.11594203 | I9: 0.96432793
A10: 18 | B10: 0.12779525 | C10: 0.95834832 | D10: 18 | E10: 0.13043463 | F10: 0.95913622 | G10: 18 | H10: 0.13043478 | I10: 0.9589051
A11: 20 | B11: 0.14199472 | C11: 0.95307383 | D11: 20 | E11: 0.14492737 | F11: 0.95358936 | G11: 20 | H11: 0.14492754 | I11: 0.95354639
A12: 22 | B12: 0.15619419 | C12: 0.94824489 | D12: 22 | E12: 0.1594201 | F12: 0.94872275 | G12: 22 | H12: 0.15942029 | I12: 0.94824749
A13: 24 | B13: 0.17039367 | C13: 0.9423122 | D13: 24 | E13: 0.17391284 | F13: 0.94201195 | G13: 24 | H13: 0.17391304 | I13: 0.94235556
... A101: 200 | B101: 1.4199472 | C101: 0.00085610078 | D101: 200 | E101: 1.4492737 | F101: 0.00029050816 | G101: 200 | H101: 1.4492754 | I101: 4.9176138e-05

Sheet Fig3f_MSF_L_Dependence_fit
A1: Temperature/Tc (L = 30) | B1: Magnetic Structure Factor Fit (L = 30) | C1: Temperature/Tc (L = 100) | D1: Magnetic Structure Factor Fit (L = 100) | E1: Temperature/Tc (L = 300) | F1: Magnetic Structure Factor Fit (L = 300)
A2: 0 | B2: 0.87304251 | C2: 0 | D2: 0.82245995 | E2: 0 | F2: 0.77669424
A3: 0.0019330613 | B3: 0.87228942 | C3: 0.0019729852 | D3: 0.82173583 | E3: 0.0019729875 | F3: 0.77601041
A4: 0.0038661226 | B4: 0.87153552 | C4: 0.0039459703 | D4: 0.82101091 | E4: 0.0039459749 | F4: 0.77532583
A5: 0.0057991838 | B5: 0.87078081 | C5: 0.0059189555 | D5: 0.8202852 | E5: 0.0059189624 | F5: 0.77464051
A6: 0.0077322451 | B6: 0.87002528 | C6: 0.0078919407 | D6: 0.81955869 | E6: 0.0078919499 | F6: 0.77395442
A7: 0.0096653064 | B7: 0.86926894 | C7: 0.0098649258 | D7: 0.81883139 | E7: 0.0098649374 | F7: 0.77326758
A8: 0.011598368 | B8: 0.86851178 | C8: 0.011837911 | D8: 0.81810327 | E8: 0.011837925 | F8: 0.77257999
A9: 0.013531429 | B9: 0.8677538 | C9: 0.013810896 | D9: 0.81737435 | E9: 0.013810912 | F9: 0.77189163
A10: 0.01546449 | B10: 0.86699499 | C10: 0.015783881 | D10: 0.81664463 | E10: 0.0157839 | F10: 0.7712025
A11: 0.017397552 | B11: 0.86623536 | C11: 0.017756866 | D11: 0.81591409 | E11: 0.017756887 | F11: 0.77051262
A12: 0.019330613 | B12: 0.86547491 | C12: 0.019729852 | D12: 0.81518274 | E12: 0.019729875 | F12: 0.76982196
A13: 0.021263674 | B13: 0.86471362 | C13: 0.021702837 | D13: 0.81445057 | E13: 0.021702862 | F13: 0.76913053
... A1001: 1.9311282 | B1001: 0 | C1001: 1.9710122 | D1001: 0 | E1001: 1.9710145 | F1001: 0
